,name,height,weight,BMI
0,Hari,1.76,72,23.243801652892564
1,Messi,1.7,70,24.221453287197235
2,Dhoni,1.8,75,23.148148148148145
